
  <DataBase>
    <..\TestFiles/./FileC.h>
      <Name>
        ..\TestFiles/./FileC.h
      </Name>
      <Category>
        
      </Category>
      <DateAdded>
        
      </DateAdded>
      <Data>
        
      </Data>
      <Children>
      </Children>
    </..\TestFiles/./FileC.h>
    <..\TestFiles/./DepAnal.h>
      <Name>
        ..\TestFiles/./DepAnal.h
      </Name>
      <Category>
        
      </Category>
      <DateAdded>
        
      </DateAdded>
      <Data>
        
      </Data>
      <Children>
      </Children>
    </..\TestFiles/./DepAnal.h>
    <..\TestFiles/Dummy/Executive.cpp>
      <Name>
        ..\TestFiles/Dummy/Executive.cpp
      </Name>
      <Category>
        
      </Category>
      <DateAdded>
        
      </DateAdded>
      <Data>
        
      </Data>
      <Children>
      </Children>
    </..\TestFiles/Dummy/Executive.cpp>
    <..\TestFiles/./FileA.h>
      <Name>
        ..\TestFiles/./FileA.h
      </Name>
      <Category>
        
      </Category>
      <DateAdded>
        
      </DateAdded>
      <Data>
        
      </Data>
      <Children>
      </Children>
    </..\TestFiles/./FileA.h>
    <..\TestFiles/./Utilities.h>
      <Name>
        ..\TestFiles/./Utilities.h
      </Name>
      <Category>
        
      </Category>
      <DateAdded>
        
      </DateAdded>
      <Data>
        
      </Data>
      <Children>
      </Children>
    </..\TestFiles/./Utilities.h>
    <..\TestFiles/./FileB.h>
      <Name>
        ..\TestFiles/./FileB.h
      </Name>
      <Category>
        
      </Category>
      <DateAdded>
        
      </DateAdded>
      <Data>
        
      </Data>
      <Children>
      </Children>
    </..\TestFiles/./FileB.h>
    <..\TestFiles/./FileD.h>
      <Name>
        ..\TestFiles/./FileD.h
      </Name>
      <Category>
        
      </Category>
      <DateAdded>
        
      </DateAdded>
      <Data>
        
      </Data>
      <Children>
      </Children>
    </..\TestFiles/./FileD.h>
    <..\TestFiles/Dummy/Executive.h>
      <Name>
        ..\TestFiles/Dummy/Executive.h
      </Name>
      <Category>
        
      </Category>
      <DateAdded>
        
      </DateAdded>
      <Data>
        
      </Data>
      <Children>
      </Children>
    </..\TestFiles/Dummy/Executive.h>
    <..\TestFiles/Dummy/TypeAnalysis.cpp>
      <Name>
        ..\TestFiles/Dummy/TypeAnalysis.cpp
      </Name>
      <Category>
        
      </Category>
      <DateAdded>
        
      </DateAdded>
      <Data>
        
      </Data>
      <Children>
      </Children>
    </..\TestFiles/Dummy/TypeAnalysis.cpp>
    <..\TestFiles/Dummy/TypeAnalysis.h>
      <Name>
        ..\TestFiles/Dummy/TypeAnalysis.h
      </Name>
      <Category>
        
      </Category>
      <DateAdded>
        
      </DateAdded>
      <Data>
        
      </Data>
      <Children>
      </Children>
    </..\TestFiles/Dummy/TypeAnalysis.h>
  </DataBase>